tissue,model,inflection_age,aic
Brain,piecewise,18.611932031647516,0.36449956356805835
Heart,logistic,13.057774983605272,6.30098516661371
Intestine,piecewise,18.27142034849675,6.241392244390184
Kidney,piecewise,19.114849925338465,6.669473640608077
Liver,logistic,2.946687585180973,0.989644296847505
Lung,piecewise,19.890112674896333,-8.913684516516835
Muscle,logistic,3.1670998041631337,-3.1152646860406037
Spleen,logistic,2.6444945493199,-10.600338759576506
